company_name,industry,company_size,location,website
Garcia-James,EdTech,500,Patriciafort,https://perez.info/
Williams-Wagner,FinTech,10,New Daniellestad,http://www.underwood.com/
"Bridges, Keller and Booth",EdTech,500,Coxfurt,http://quinn-white.com/
Manning-Stevens,Healthcare,500,Martinchester,https://www.ayala-burns.com/
"Peterson, Evans and Williams",Healthcare,500,Lake Anne,http://fields.com/
"Wall, Hogan and Martinez",FinTech,50,North Gregory,https://keith.com/
"Kennedy, Kelly and Meyers",E-commerce,50,South Danielview,https://www.young-wallace.com/
"Perez, Rodriguez and Berry",EdTech,10,Kellyport,https://white.org/
Ruiz-Griffin,EdTech,100,New Teresa,https://mckinney.org/
Foster and Sons,EdTech,50,Codyfort,https://www.miller-lester.com/
Snow-Butler,E-commerce,10,Port Barbarafurt,http://www.mckenzie.com/
"Brewer, Sims and Martin",SaaS,1000,Dannystad,http://simon.com/
Black PLC,Healthcare,100,Boyerville,https://www.werner.com/
Brown-Olsen,EdTech,100,East Ian,https://kim.net/
"Camacho, Hudson and Newman",EdTech,500,Wongstad,http://www.valdez-carter.info/
Davis-Nelson,SaaS,500,Tylerside,http://www.estes.com/
"Smith, Anthony and Hooper",SaaS,10,West Samanthatown,http://www.austin.biz/
Watts and Sons,Healthcare,500,Port Erica,https://www.valenzuela.info/
Miller LLC,E-commerce,50,North Rhonda,http://www.moreno.com/
"Phillips, Mathews and King",FinTech,500,West Nancyshire,http://fuentes.com/
"Parker, Rice and Herrera",SaaS,10,North Steven,http://velazquez-chaney.net/
Santana-Rivera,SaaS,10,Port Chad,https://www.marks.com/
Melendez Inc,SaaS,100,North Kathryn,https://www.carr-fox.com/
Alvarez LLC,SaaS,1000,East Stephenshire,http://long.net/
Meadows LLC,SaaS,50,Byrdport,https://www.blankenship.biz/
Reilly-Williams,SaaS,50,Lake Andreafort,http://www.mitchell.biz/
Mcdowell-Jackson,E-commerce,10,Piercehaven,http://rosales.com/
"Rice, Carson and West",FinTech,1000,Richardbury,http://ayers.org/
King-Baker,E-commerce,10,Richardmouth,https://allen.net/
"Golden, Munoz and Lawrence",SaaS,500,Grayfort,http://www.cook.com/
Diaz and Sons,E-commerce,100,Lake Mackenzietown,https://thompson-gonzalez.biz/
Stuart-Young,E-commerce,10,Lake Cathy,https://lynch.biz/
"Reyes, Wilkerson and Hoffman",FinTech,500,East Kylehaven,http://www.thompson.com/
"Roberts, Gaines and Mueller",Healthcare,1000,East Elaineshire,https://www.garcia.com/
King Group,SaaS,500,Garrettberg,https://hale.biz/
Cook Inc,EdTech,500,Mcmahonmouth,http://huff.org/
"White, Richardson and Fischer",FinTech,500,North Victoria,https://young.com/
"Nelson, Cole and Obrien",E-commerce,100,Fernandezchester,https://cooper-garrison.org/
Hawkins-Miller,EdTech,500,Georgehaven,http://spence.com/
"Soto, Moreno and Coleman",EdTech,500,Lake Jason,http://krause.biz/
"Rocha, Watkins and Brown",Healthcare,100,Lake Alexanderborough,https://gutierrez.info/
Thompson Ltd,Healthcare,1000,Holmesstad,http://dorsey.com/
Ramirez Inc,Healthcare,500,Lake Benjaminborough,http://edwards-morris.com/
Smith and Sons,Healthcare,500,North Melissahaven,https://johnson-miller.com/
"Gomez, Frost and Ball",EdTech,1000,Port Katherine,https://deleon-knight.com/
"King, Lee and Parker",FinTech,500,South Kathleenbury,http://www.nelson.com/
Mccoy Group,Healthcare,1000,Perkinston,https://smith-castro.info/
Robertson Group,SaaS,50,North Lindsey,http://www.jones-le.com/
Taylor-Woodard,E-commerce,500,East Jacquelinemouth,https://www.stephenson.biz/
Alvarez LLC,EdTech,1000,North Robertton,http://www.white.org/
George-Lucas,FinTech,10,South Kristyhaven,http://bell.com/
Taylor-Ramirez,Healthcare,10,North Lisa,http://www.price.biz/
Williams and Sons,E-commerce,50,New Sheila,https://www.garcia.com/
Whitaker-Park,E-commerce,50,West Lisa,http://williams.org/
"Sanders, Johnson and Zuniga",FinTech,10,Port Jefferymouth,https://www.larson-parker.com/
Huynh and Sons,FinTech,1000,New Christopher,http://turner-stone.com/
"Hall, Bridges and Gonzalez",FinTech,500,Lake Danielfurt,https://www.hicks.net/
"Cook, Hernandez and Burch",E-commerce,1000,West Elizabeth,https://www.moore-fletcher.info/
Pham PLC,SaaS,10,West Kyle,https://www.castillo-schultz.com/
Maldonado Group,FinTech,10,Raychester,https://burns.com/
"Bishop, Thomas and Mclaughlin",FinTech,500,Loganshire,http://castro.com/
Underwood LLC,Healthcare,10,Jennifershire,http://www.weaver.biz/
"Bailey, Hernandez and Thornton",E-commerce,500,Lake Lorimouth,http://www.beltran.com/
"Weber, Hudson and Lester",E-commerce,10,Wardville,http://caldwell.info/
"Hubbard, Cox and Jackson",FinTech,100,South James,http://white.info/
Powers-Barnett,E-commerce,1000,Medinabury,http://www.joseph-hunt.info/
Roberts Ltd,FinTech,500,South Jessicaberg,http://www.baker.net/
Adams-Adams,Healthcare,100,New Robert,http://www.rojas.com/
Jordan Ltd,E-commerce,10,North Jeremiah,http://www.lambert.com/
James PLC,FinTech,1000,Lake Angelastad,https://gonzalez.com/
Potter-House,SaaS,10,Adamfurt,http://smith.com/
Keller Ltd,E-commerce,500,Garciafurt,http://www.horn-hernandez.com/
Barr-Warner,Healthcare,1000,South Timothyfort,https://www.scott-hensley.info/
"Moore, Petty and West",Healthcare,10,North Daniel,http://www.anderson.com/
Franklin Ltd,Healthcare,10,Baileystad,http://www.blevins-riley.com/
Moore LLC,E-commerce,100,Mirandaborough,https://www.morris.org/
Lewis-Coleman,SaaS,1000,New Katiefurt,https://www.hamilton-white.com/
Browning Ltd,EdTech,500,Johnview,http://fields-smith.com/
Lowe Ltd,SaaS,100,Downsbury,http://www.green.org/
Munoz-Thomas,Healthcare,10,Port Travis,http://www.phillips.info/
"Richardson, Serrano and Harris",Healthcare,1000,North Stephen,http://holder.org/
Gonzales-Howard,Healthcare,1000,Powellview,https://west.org/
Castro Inc,E-commerce,100,South Ericfort,https://johnson.com/
Silva Inc,SaaS,50,Port Jennifer,http://www.pierce.org/
Hoffman-Silva,EdTech,10,Ryanton,https://www.brown.org/
Smith-Deleon,EdTech,500,Port Jasmine,http://www.phillips-thomas.com/
Harmon and Sons,E-commerce,50,Rodriguezborough,http://www.baker.com/
"Ryan, Sanders and Guzman",EdTech,1000,West Shellymouth,https://www.aguilar-sutton.biz/
Lewis Ltd,Healthcare,10,Arthurtown,http://www.vega.biz/
Brown-Jackson,FinTech,50,Tammyland,http://www.dean.com/
"Morton, Contreras and Martin",SaaS,10,East Lauraview,http://www.valencia.com/
"Nelson, Wagner and Rodriguez",EdTech,100,Ashleyland,https://baker.org/
Ortiz Group,FinTech,100,New Carrie,https://rice.com/
Burke Ltd,E-commerce,500,Wallacechester,http://www.ferguson-olson.com/
"Parks, Martin and Sellers",SaaS,50,East Melissa,https://nolan.com/
Moore-Soto,FinTech,100,New Scottport,https://hall.com/
"Curtis, Barnes and Mitchell",Healthcare,100,Robbinsfurt,http://acevedo.net/
Trujillo PLC,E-commerce,500,Biancaberg,http://hayes.com/
Nunez-Jones,FinTech,100,Nealshire,https://rodriguez.com/
Greene LLC,Healthcare,50,Madisonshire,https://leon.com/
